year,week,n_bee,n_plant,S,S_eff,Omega,omega
2015,1,1,1,2,2,0.5,0.7071067811865476
2015,2,1,3,4,2,0.5,0.7071067811865476
2015,3,2,6,8,4,0.5,0.8408964152537145
2015,4,6,5,11,11,0.499999999733031,0.9389309106161308
2015,5,7,7,14,13,0.5,0.9480775143391714
2015,6,7,13,20,16,0.4999999432061589,0.9576032739003272
2015,7,8,9,17,17,0.5,0.9600466868547932
2015,8,7,12,19,19,0.49999855011438393,0.9641758507901971
2015,9,8,13,21,19,0.49999999999991934,0.9641759979424869
2015,10,9,22,31,25,0.19732803998537157,0.937146639270073
2015,11,7,21,28,23,0.49999045675897913,0.9703119475312769
2015,12,7,23,30,21,0.499999999539571,0.967531778481465
2015,13,9,19,28,25,0.49999935291747544,0.9726548970612128
2015,14,6,17,23,16,0.4999999089709179,0.9576032698023542
2015,15,5,9,14,14,0.4999953941054089,0.9516945268068617
2015,16,6,7,13,9,0.4999991847616475,0.92587454455193
2016,3,1,4,5,2,0.5,0.7071067811865476
2016,4,2,5,7,4,0.5,0.8408964152537145
2016,5,3,5,8,6,0.5,0.8908987181403393
2016,6,6,11,17,13,0.4999999988994003,0.9480775141786401
2016,7,7,11,18,17,0.499999607831301,0.9600466425606287
2016,8,9,11,20,16,0.5,0.9576032806985737
2016,9,8,12,20,17,0.5,0.9600466868547932
2016,10,9,12,21,17,0.49999999999924305,0.9600466868547077
2016,11,7,21,28,17,0.49999999933996,0.9600466867802439
2016,12,9,23,32,22,0.5,0.9689844739012624
2016,13,9,19,28,21,0.49999767480458507,0.967531564266231
2016,14,9,17,26,18,0.499999512113093,0.9622237847322976
2016,15,8,21,29,23,0.19429833496238122,0.9312448263772788
2016,16,8,10,18,16,0.5,0.9576032806985737
2016,17,7,7,14,12,0.21265140678044403,0.8789665644818461
2016,18,3,2,5,5,0.5,0.8705505632961241
2017,1,1,2,3,2,0.5,0.7071067811865476
2017,2,3,4,7,4,0.5,0.8408964152537145
2017,3,4,3,7,6,0.5,0.8908987181403393
2017,4,5,6,11,11,0.49999784126462044,0.9389305421330966
2017,5,6,7,13,13,0.5,0.9480775143391714
2017,6,9,10,19,17,0.5,0.9600466868547932
2017,7,8,15,23,20,0.4999999999999984,0.9659363289248454
2017,8,8,23,31,23,0.49999865745003214,0.9703126394719697
2017,9,9,27,36,23,0.20333963847897804,0.9330882008635958
2017,10,9,27,36,24,0.49999913311072214,0.971531870969329
2017,11,7,31,38,25,0.4999954913580268,0.9726545965825333
2017,12,8,23,31,27,0.4999891765990521,0.9746538277011296
2017,13,8,19,27,20,0.4999969239325659,0.9659360317954487
2017,14,8,15,23,19,0.499999749321616,0.9641759725005857
2017,15,8,9,17,14,0.5,0.9516951530106196
2017,16,3,4,7,4,0.5,0.8408964152537145
2018,1,1,1,2,2,0.5,0.7071067811865476
2018,2,1,1,2,2,0.5,0.7071067811865476
2018,3,2,2,4,4,0.5,0.8408964152537145
2018,4,3,4,7,6,0.5,0.8908987181403393
2018,5,4,4,8,8,0.4999999999889984,0.9170040432021491
2018,6,5,8,13,10,0.4999999999992917,0.9330329915366752
2018,7,6,5,11,9,0.5,0.9258747122872905
2018,8,8,10,18,17,0.49999450626777087,0.960046066352829
2018,9,7,14,21,16,0.4999916289591811,0.957602278673691
2018,10,7,15,22,17,0.4999864757162333,0.9600451593125469
2018,11,8,21,29,19,0.2052385270533253,0.9200323526208295
2018,12,9,26,35,24,0.20166279600574788,0.9354618360919521
2018,13,8,21,29,21,0.4999916126408185,0.9675310056570946
2018,14,8,23,31,24,0.4999993647568292,0.9715318897236553
2018,15,8,19,27,21,0.4999996419580531,0.9675317455317888
2018,16,7,8,15,12,0.49999988021982544,0.9438742938387864
2018,17,5,8,13,11,0.5,0.9389309106617063
2018,18,6,3,9,6,0.5,0.8908987181403393
2018,19,2,1,3,2,0.5,0.7071067811865476
2018,20,1,1,2,2,0.5,0.7071067811865476
2019,2,3,3,6,6,0.5,0.8908987181403393
2019,3,5,3,8,6,0.5,0.8908987181403393
2019,4,5,5,10,10,0.2171947215653238,0.8583905476305143
2019,5,5,6,11,11,0.21512998959732466,0.869633879023052
2019,6,6,7,13,13,0.4999899812717632,0.9480760530132011
2019,7,7,7,14,12,0.4999999999194933,0.9438743126690288
2019,8,9,11,20,17,0.4999889159645064,0.9600454349368446
2019,9,8,19,27,20,0.5,0.9659363289248456
2019,10,9,24,33,25,0.4999999999999999,0.9726549474122855
2019,11,9,31,40,25,0.49997900037628373,0.9726533133483111
2019,12,9,26,35,24,0.4999838478878077,0.9715306334422875
2019,13,9,24,33,24,0.4999999982181165,0.9715319410093428
2019,14,8,15,23,19,0.49999653710291403,0.9641756464842628
2019,15,7,10,17,15,0.5,0.9548416039104165
2019,16,5,8,13,10,0.5,0.9330329915368074
2019,17,4,2,6,4,0.5,0.8408964152537145
2019,18,2,1,3,2,0.5,0.7071067811865476
2020,2,3,2,5,4,0.5,0.8408964152537145
2020,3,5,7,12,11,0.5,0.9389309106617063
2020,4,8,9,17,14,0.499963510113063,0.9516901918070101
2020,5,7,10,17,13,0.49999999999663114,0.94807751433868
2020,6,8,12,20,17,0.49999924067038803,0.9600466010909816
2020,7,8,14,22,18,0.49999999998480166,0.9622238368925202
2020,8,8,19,27,18,0.49999938593536347,0.9622237712421481
2020,9,8,16,24,17,0.49999374381404316,0.9600459802352678
2020,10,8,21,29,18,0.4999999576416507,0.9622238323654546
2020,11,8,17,25,20,0.4999999981930961,0.9659363287503101
2020,12,5,13,18,13,0.09159176673616376,0.8320373129619381
2020,13,5,7,12,8,0.5,0.9170040432046712
2020,14,8,8,16,14,0.20745541694087363,0.8937353023460455
2020,15,7,8,15,10,0.5,0.9330329915368074
2020,16,7,7,14,11,0.5,0.9389309106617063
2020,17,5,5,10,8,0.5,0.9170040432046712
2020,18,2,1,3,2,0.5,0.7071067811865476
2020,19,1,1,2,2,0.5,0.7071067811865476
2021,2,2,2,4,4,0.25,0.7071067811865476
2021,3,1,2,3,2,0.5,0.7071067811865476
2021,4,5,2,7,5,0.5,0.8705505632961241
2021,5,6,4,10,6,0.5,0.8908987181403393
2021,6,5,7,12,11,0.21507791996690495,0.8696147419687604
2021,7,7,9,16,15,0.499991722532214,0.9548405500795261
2021,8,7,11,18,13,0.5,0.9480775143391714
2021,9,9,19,28,22,0.499999999971746,0.9689844738987735
2021,10,9,22,31,25,0.49998217088396674,0.9726535600623062
2021,11,9,20,29,25,0.4999999999967114,0.9726549474120296
2021,12,9,28,37,28,0.4999928875770168,0.9755481464409896
2021,13,9,24,33,24,0.4999966709003683,0.971531671625527
2021,14,9,30,39,29,0.49999995828522253,0.9763817519092874
2021,15,9,31,40,32,0.5,0.9785720620877001
2021,16,9,20,29,26,0.4999926454414534,0.9736921698412216
2021,17,8,13,21,19,0.5,0.9641759979424951
2021,18,8,14,22,18,0.4999999999999998,0.9622238368941451
2021,19,8,10,18,13,0.5,0.9480775143391714
2021,20,5,8,13,11,0.09505192963502865,0.8073974212569864
2021,21,1,1,2,2,0.5,0.7071067811865476
2021,22,1,1,2,2,0.5,0.7071067811865476
2022,1,1,3,4,2,0.5,0.7071067811865476
2022,2,3,4,7,6,0.5,0.8908987181403393
2022,3,5,5,10,6,0.5,0.8908987181403393
2022,4,8,7,15,12,0.5,0.9438743126816935
2022,5,8,8,16,14,0.21192254053566312,0.8950963713720697
2022,6,7,6,13,12,0.4999897251964535,0.9438726963126136
2022,7,8,11,19,17,0.5,0.9600466868547932
2022,8,6,16,22,17,0.49999838447889733,0.9600465043867885
2022,9,9,22,31,27,0.4999975004672481,0.9746544286641362
2022,10,9,25,34,23,0.49999999999994565,0.9703127527497936
2022,11,7,24,31,21,0.49999999343836476,0.9675317779192639
2022,12,8,24,32,26,0.5,0.9736927206974342
2022,13,9,19,28,23,0.4999999537829219,0.970312748850231
2022,14,9,13,22,17,0.49999898402073184,0.9600465721032093
2022,15,8,16,24,16,0.4999999565925498,0.9576032755026839
2022,16,8,12,20,11,0.5,0.9389309106617063
2022,17,7,8,15,11,0.2134271277637757,0.8690058353038433
2022,18,4,6,10,8,0.21917046678117197,0.8271756741635529
2022,19,2,1,3,2,0.5,0.7071067811865476
2023,1,1,1,2,2,0.5,0.7071067811865476
2023,2,5,4,9,8,0.5,0.9170040432046712
2023,3,6,7,13,10,0.5,0.9330329915368074
2023,4,6,7,13,13,0.5,0.9480775143391714
2023,5,7,7,14,13,0.499999999999997,0.948077514339171
2023,6,9,10,19,18,0.4999921118641459,0.9622229935376013
2023,7,7,10,17,15,0.4999999967050369,0.9548416034909275
2023,8,7,12,19,18,0.4999999999999646,0.9622238368941414
2023,9,8,12,20,19,0.49999986793332174,0.9641759845387543
2023,10,8,12,20,15,0.5,0.9548416039104165
2023,11,8,10,18,15,0.4999999718717047,0.954841600329341
2023,12,6,8,14,12,0.5,0.9438743126816935
2023,13,5,6,11,9,0.22451538047589764,0.8470640163017272
2023,14,6,4,10,9,0.5,0.9258747122872905
2023,15,7,3,10,6,0.5,0.8908987181403393
